id,word,meaning
1,derive,導き出す・由来する
2,empirical,実証的な・経験に基づく
3,subsequent,その後の・後続の
4,robust,頑健な・条件が変わっても安定した
5,inherent,本質的な・固有の
6,cell,細胞
7,species,種
8,acid,酸
9,muscle,筋
10,protein,タンパク質
11,molecule,分子
12,dense,密集
13,laboratory,研究室
14,ion,イオン
15,tissue,組織
16,atom,原子
17,enzyme,酵素
18,graph,グラフ
19,fluid,流体
20,nerve,神経
21,organic,オーガニック
22,module,モジュール
23,oxygen,酸素
24,absorb,吸収します
25,vertical,垂直
26,diagram,ダイアグラム
27,column,カラム
28,electron,電子
29,horizontal,水平の
30,membrane,膜
31,hormone,ホルモン
32,zone,ゾーン
33,fibre,ファイバ
34,plot,プロット
35,linear,リニア
36,physiological,生理的な
37,hydrogen,水素
38,respiration,呼吸
39,deposit,保証金
40,segment,セグメント
41,nitrogen,窒素
42,infect,感染させます
43,digest,ダイジェスト
44,vector,ベクター
45,circuit,回路
46,carbon,炭素
47,magnitude,大きさ
48,magnet,磁石
49,radiate,放射します
50,stimulate,刺激します
51,height,高さ
52,sodium,ナトリウム
53,volt,ボルト
54,vegetation,植生
55,versus,対
56,lateral,ラテラル
57,atmosphere,雰囲気
58,diameter,直径
59,climate,気候
60,oxide,酸化物
61,fraction,分数
62,amino,アミノ
63,nucleus,核
64,polar,極性の
65,conserve,節約します
66,filter,フィルタ
67,diffuse,拡散します
68,phosphate,リン酸塩
69,secrete,分泌します
70,marine,マリン
71,align,整列します
72,tract,道
73,vitamin,ビタミン
74,soluble,水溶性の
75,strain,歪み
76,urine,尿
77,buffer,バッファ
78,disc,ディスク
79,optimum,最適
80,profile,プロフィール
81,toxic,毒性
82,fuel,燃料
83,plasma,プラズマ
84,peak,ピーク
85,circulate,循環します
86,loop,ループ
87,elevate,持ち上げます
88,fungus,菌
89,node,ノード
90,gravity,重力
91,symmetry,対称
92,synthesis,合成
93,virus,ウイルス
94,equilibrium,平衡
95,intersect,交差
96,discharge,放電
97,kidney,腎臓
98,gland,腺
99,tutorial,チュートリアル
100,digit,数字
101,drain,ドレイン
102,flux,フラックス
103,pollen,花粉
104,interface,インタフェース
105,embryo,胚
106,liver,肝
107,moisture,水分
108,enlarge,拡大します
109,cylinder,シリンダー
110,spine,脊椎
111,mobile,モバイル
112,anatomy,解剖学
113,alcohol,アルコール
114,thermal,サーマル
115,calcium,カルシウム
116,aquatic,水生の
117,hybrid,ハイブリッド
118,sterile,無菌の
119,solar,太陽
120,transverse,横の
121,chloride,塩化
122,defense,防衛
123,overview,概要
124,switch,スイッチ
125,dilute,希薄
126,spatial,空間的な
127,contraction,収縮
128,feedback,反応
129,session,セッション
130,terrestrial,地上の
131,potassium,カリウム
132,zinc,亜鉛
133,pore,細孔
134,simultaneous,同時
135,phosphorus,リン
136,radius,半径
137,saline,生理食塩水
138,ammonia,アンモニア
139,intestine,腸
140,shaft,軸
141,condense,凝縮します
142,web,ウェブ
143,junction,ジャンクション
144,static,静的
145,infrared,赤外線
146,propagate,伝播します
147,symptom,症状
148,barrier,バリア
149,cube,キューブ
150,evaporate,蒸発します
151,grid,グリッド
152,dependence,依存
153,terminology,用語
154,microscope,顕微鏡
155,orbit,軌道
156,capsule,カプセル
157,breakdown,壊す
158,superior,優れました
159,disperse,分散させます
160,pulse,パルス
161,differential,差動
162,drug,ドラッグ
163,routine,ルーチン
164,inlet,インレット
165,cord,コー​​ド
166,degrade,分解する
167,emit,発します
168,configure,設定します
169,counter,カウンタ
170,disorder,障害
171,drill,ドリル
172,cluster,クラスタ
173,hazard,危険
174,recreation,レクリエーション
175,texture,テクスチャー
176,nitrate,硝酸塩
177,parasite,寄生虫
178,compress,圧縮します
179,acute,急性
180,converge,収束します
181,compact,コンパクト
182,cone,円錐
183,recall,想起
184,verify,確認します
185,hemisphere,半球
186,apparatus,装置
187,infant,幼児
188,reservoir,貯水池
189,anomaly,異常
190,electrode,電極
191,interior,インテリア
192,basal,基本的な
193,altitude,高度
194,synthetic,合成
195,tilt,チルト
196,onset,開始
197,chronic,慢性的
198,fracture,骨折
199,homogeneous,同種の
200,insulin,インスリン
201,propel,推進します
202,median,中央値
203,diverge,発散します
204,exotic,エキゾチック
205,latitude,緯度
206,vacuum,真空
207,filament,フィラメント
208,adverse,不利な
209,arc,アーク
210,array,アレイ
211,dam,ダム
212,impair,損ないます
213,span,スパン
214,chamber,室
215,vital,バイタル
216,debris,デブリ
217,pigment,顔料
218,starch,スターチ
219,fuse,ヒューズ
220,generic,ジェネリック
221,humid,湿った
222,rupture,破裂
223,vibrate,振動します
224,adhere,付着します
225,longitudinal,縦
226,sheath,シース
227,capture,キャプチャー
228,engage,従事する
229,partition,パーティション
230,serum,血清
231,aluminium,アルミニウム
232,temporal,一時的な
233,purify,浄化します
234,designate,指定します
235,entitle,エンタイトル
236,mesh,メッシュ
237,cumulative,累積的な
238,radial,ラジアル
239,assignment,割り当て
240,integrate,統合します
241,convert,変換
242,order,注文
243,related,関連しました
244,base,ベース
245,computational,計算の
246,dimensional,次元の
247,metric,メトリック
248,fast,速いです
249,zero,ゼロ
250,label,ラベル
251,list,リスト
252,safety,安全性
253,minimize,最小限に抑えます
254,desire,欲望
255,copy,コピー
256,classify,分類します
257,track,トラック
258,active,アクティブ
259,monitor,モニター
260,delete,削除します
261,drive,ドライブ
262,logical,論理的
263,map,地図
264,volume,ボリューム
265,usage,使用法
266,min,分
267,approximation,近似値
268,chain,鎖
269,name,名
270,bind,バインド
271,count,カウント
272,guarantee,保証
273,format,フォーマット
274,channel,チャネル
275,update,更新
276,infrastructure,インフラ
277,adapt,適応する
278,stream,ストリーム
279,search,サーチ
280,store,格納
281,capability,能力
282,ratio,比
283,engine,エンジン
284,mapping,マッピング
285,optimize,最適化します
286,kernel,カーネル
287,overhead,オーバーヘッド
288,transformation,変換
289,print,印刷
290,hypothesis,仮説
291,mean,平均
292,command,コマンド
293,bound,バウンド
294,translate,翻訳します
295,translation,翻訳
296,arbitrary,任意
297,limitation,制限
298,threshold,しきい値
299,view,ビュー
300,video,ビデオ
301,core,コア
302,destination,先
303,underlie,根底にあります
304,regression,回帰
305,learning,学習
306,square,平方
307,entity,エンティティ
308,code,コー​​ド
309,precision,精度
310,extension,拡張
311,verification,検証
312,interactive,インタラクティブ
313,capacity,容量
314,variation,変化
315,file,ファイル
316,deployment,展開
317,specified,指定の
318,abstract,抽象
319,decrease,減少
320,one,1
321,continuous,連続的な
322,utilize,利用します
323,noise,ノイズ
324,discrete,個別の
325,curve,曲線
326,rotation,回転
327,correctly,正しく
328,oriented,指向
329,hierarchy,階層
330,monitoring,モニタリング
331,default,デフォルト
332,explicitly,明示的
333,clock,クロック
334,technical,テクニカル
335,simplify,簡略化する
336,cross,クロス
337,simulate,シミュレート
338,characterize,特徴づけます
339,scale,規模
340,namely,すなわち
341,organize,整理します
342,interact,相互に作用します
343,allocation,割り当て
344,developer,開発者
345,self,自己
346,transfer,移転
347,shift,シフト
348,maximum,最大
349,prototype,プロトタイプ
350,explicit,明確な
351,slot,スロット
352,estimation,推定
353,sparse,まばらな
354,calculation,計算
355,commonly,一般に
356,portion,部分
357,chip,チップ
358,signature,署名
359,remainder,残り
360,graphical,グラフィカル
361,compile,コンパイル
362,exact,正確な
363,evolution,進化
364,construct,構築します
365,scope,範囲
366,review,レビュー
367,availability,可用性
368,block,ブロック
369,partial,部分的
370,sample,サンプル
371,second,二番
372,read,読む
373,split,スプリット
374,decomposition,分解
375,left,左
376,register,登録
377,axis,軸
378,syntax,構文
379,frequent,頻繁な
380,parallel,平行
381,influence,影響
382,peer,ピア
383,null,ヌル
384,efficiently,効率良く
385,evolve,進化します
386,minimum,最小
387,dependency,依存
388,engineer,エンジニア
389,equal,等しい
390,target,ターゲット
391,following,以下
392,validation,検証
393,variant,バリアント
394,digital,デジタル
395,toward,向かって
396,width,幅
397,velocity,速度
398,pass,パス
399,communicate,伝える
400,exceed,超えます
401,straightforward,簡単な
402,edit,編集
403,automatic,自動
404,universal,ユニバーサル
405,in,に
406,random,ランダム
407,header,ヘッダ
408,constrain,拘束します
409,identifier,識別子
410,compute,計算
411,mouse,マウス
412,range,範囲
413,float,浮く
414,eliminate,取り除きます
415,browser,ブラウザ
416,violate,違反します
417,runtime,ランタイム
418,hint,ヒント
419,integrity,整合性
420,infinite,無限
421,likelihood,可能性
422,multiple,複数
423,theoretical,理論的な
424,occurrence,発生
425,completion,完了
426,constant,定数
427,adaptive,適応
428,maintenance,メンテナンス
429,aggregation,アグリゲーション
430,compromise,妥協
431,bin,ビン
432,type,タイプ
433,discovery,発見
434,identification,識別
435,coordinate,調整する
436,vendor,ベンダー
437,retrieval,検索
438,independently,独立して
439,maximize,最大化します
440,pi,パイ
441,reasoning,推論
442,inequality,不平等
443,schedule,スケジュール
444,transmission,送信
445,modification,変形
446,highlight,ハイライト
447,statistical,統計的
448,approximate,近似
449,overlap,重複
450,trace,トレース
451,scan,スキャン
452,yield,産出
453,transmit,送信します
454,connectivity,接続性
455,function,関数
456,faster,もっと早く
457,preceding,先行
458,bug,バグ
459,recovery,回復
460,overflow,オーバーフロー
461,gate,ゲート
462,intermediate,中間体
463,effectiveness,効果
464,comparable,同程度の
465,exhibit,示す
466,roughly,おおよそ
467,operational,オペレーショナル
468,minimal,最小限の
469,automated,自動化されました
470,retrieve,検索します
471,division,分割
472,content,コンテンツ
473,port,ポート
474,prime,プライム
475,simultaneously,同時に
476,intersection,交差点
477,utility,ユーティリティ
478,uniform,ユニフォーム
479,object,オブジェクト
480,electronic,エレクトロニック
481,structural,構造上の
482,implicit,暗黙
483,arrow,矢印
484,insight,洞察
485,survey,調査
486,prior,前の
487,experimental,実験的
488,composition,組成
489,weighted,重み付きの
490,adjacent,隣接
491,alignment,アラインメント
492,install,インストール
493,manipulate,操作します
494,incorrect,間違いました
495,depict,描きます
496,vulnerable,脆弱な
497,rank,ランク
498,utilization,利用
499,layout,レイアウト
500,precise,正確な
501,dynamics,ダイナミクス
502,sampling,サンプリング
503,offset,オフセット
504,convention,コンベンション
505,bias,バイアス
506,proportional,比例しました
507,interpretation,解釈
508,tracking,追跡
509,flip,フリップ
510,graphics,グラフィック
511,mechanical,メカニカル
512,mine,鉱山
513,phenomenon,現象
514,matching,マッチング
515,principal,主要な
516,double,ダブル
517,legitimate,正当な
518,enterprise,企業
519,generator,ジェネレータ
520,smart,スマート
521,correction,補正
522,checking,点検
523,completeness,完全
524,projection,投影
525,document,資料
526,helpful,役立ちます
527,flexible,フレキシブル
528,request,要求
529,shared,共有の
530,correctness,正しさ
531,additionally,さらに
532,load,負荷
533,connected,接続
534,host,ホスト
535,numerical,数の
536,sharing,シェアリング
537,indicator,インジケータ
538,remote,リモート
539,equality,平等
540,chunk,チャンク
541,originally,もともと
542,intuitive,直感的な
543,inverse,逆数
544,regardless,かかわらず
545,binary,バイナリ
546,anonymous,匿名の
547,trigger,引き金
548,accomplish,成し遂げます
549,structure,構造
550,repository,倉庫
551,replacement,置換
552,penalty,ペナルティ
553,tolerance,公差
554,metadata,メタデータ
555,structured,構造化されました
556,reference,参照
557,complicated,複雑な
558,group,グループ
559,swap,スワップ
560,signal,信号
561,on,に
562,even,さらに
563,exchange,交換
564,extraction,抽出
565,handling,取り扱い
566,website,ウェブサイト
567,root,ルート
568,accessible,アクセス可能な
569,advanced,高度な
570,integrated,統合されました
571,latter,後者
572,besides,ほかに
573,nest,ネスト
574,journal,ジャーナル
575,subject,テーマ
576,briefly,簡単に
577,diversity,多様性
578,fit,フィット
579,concurrent,同時
580,annotation,注釈
581,appendix,付録
582,implication,含意
583,sufficiently,十分に
584,consistency,一貫性
585,motivation,動機
586,formulate,策定します
587,center,センター
588,periodic,定期的な
589,adoption,採択
590,pop,ポップ
591,compatible,互換性のあります
592,correspondence,対応
593,receiver,受信機
594,reconstruction,復興
595,quantity,量
596,distinction,区別
597,alternatively,代わりに
598,stable,安定しました
599,convenient,便利
600,consecutive,連続しました
601,query,クエリー
602,displacement,変位
603,adaptation,適応
604,project,プロジェクト
605,distortion,ねじれ
606,extensive,広範囲
607,placement,配置
608,separation,分離
609,feasible,実現可能な
610,networking,ネットワーキング
611,tail,尾
612,violation,違反
613,conjunction,接続詞
614,exclusive,排他的
615,dictionary,辞書
616,debug,デバッグ
617,emphasize,強調する
618,applicable,適用されます
619,bottom,ボトム
620,conversion,変換
621,modified,修正されました
622,template,テンプレート
623,thereby,それによって
624,calculus,結石
625,program,プログラム
626,separately,別々に
627,balance,バランス
628,controller,コントローラ
629,greatly,大いに
630,attribute,属性
631,acquisition,取得
632,purchase,購入
633,flexibility,柔軟性
634,derivation,導出
635,manually,手動で
636,draw,ドロー
637,numerous,多数の
638,manual,マニュアル
639,reverse,逆
640,uncertainty,不確実性
641,desirable,望ましい
642,speed,速度
643,timing,タイミング
644,click,クリック
645,million,百万
646,realistic,現実的な
647,augment,増強
648,specialized,専門の
649,discard,捨てます
650,observed,観測されました
651,accurately,正確に
652,validity,有効
653,strictly,厳密に
654,mitigate,軽減します
655,push,押す
656,planning,計画
657,above,上記の
658,persistent,しつこいです
659,partially,部分的に
660,traverse,トラバース
661,balanced,バランスのとれました
662,refine,リファイン
663,required,必須
664,meaningful,意味のあります
665,incur,被ります
666,precede,先行します
667,collaborative,コラボレイティブ
668,heterogeneous,異質
669,marketing,マーケティング
670,define,定義します
671,flash,フラッシュ
672,algorithm,アルゴリズム
673,continuously,継続的に
674,number,数
675,forth,前後
676,orient,オリエント
677,closed,閉まっている
678,implicitly,暗黙のうちに
679,redundant,冗長な
680,mutual,相互
681,alter,変更します
682,selected,選択
683,manipulation,操作
684,mask,マスク
685,collaboration,コラボレーション
686,printer,プリンタ
687,challenging,挑戦
688,classical,古典的な
689,due,原因
690,exit,出口
691,multimedia,マルチメディア
692,cope,対処
693,illustration,図
694,incoming,入ってきます
695,representative,代表
696,sum,和
697,composite,複合
698,opposite,反対
699,vice,バイス
700,snapshot,スナップショット
701,accordingly,それに応じて
702,invalid,無効
703,size,サイズ
704,novel,小説
705,physically,物理的に
706,transform,変換
707,concrete,コンクリート
708,hidden,隠されました
709,fulfill,満たす
710,originate,始まります
711,virtual,バーチャル
712,script,スクリプト
713,acceptance,受け入れ
714,setup,セットアップ
715,positive,ポジティブ
716,shell,シェル
717,drawback,欠点
718,couple,カップル
719,average,平均
720,benchmark,基準
721,false,偽
722,outer,アウター
723,classic,クラシック
724,stack,スタック
725,next,次
726,adequately,適切に
727,restoration,復元
728,desired,希望
729,contrast,コントラスト
730,preferred,望ましいです
731,export,輸出する
732,within,以内
733,repeated,繰り返されます
734,accumulate,蓄積します
735,compensate,補います
736,coordination,コーディネーション
737,progress,進捗
738,marital,結婚の
739,revise,修正します
740,reduced,削減
741,reproductive,生殖の
742,absent,ありません
743,extract,エキス
744,individually,個別に
745,competing,競合します
746,contrary,反対の
747,disagreement,不一致
748,advisory,アドバイザリー
749,mediate,介在します
750,fundamentally,基本的に
751,reported,報告
752,ambiguity,あいまいさ
753,farming,農業
754,preservation,保存
755,lesser,より小さい
756,situate,置きます
757,continually,絶えず
758,vulnerability,脆弱性
759,selective,選択的な
760,autonomous,自主的な
761,elicit,引き出します
762,analytical,分析
763,improving,改善
764,causal,原因となります
765,paragraph,段落
766,beta,ベータ
767,characteristic,特性
768,disposition,配置
769,viewpoint,観点
770,import,インポート
771,harmful,有害な
772,applicant,応募者
773,thinker,思想家
774,documentation,ドキュメンテーション
775,provincial,地方の
776,reliance,依存
777,academic,アカデミック
778,exploitation,搾取
779,varied,多様な
780,interference,干渉
781,variable,変数
782,instability,不安定
783,ground,接地
784,advancement,アドバンス
785,recreational,レクリエーションの
786,warrant,令状
787,term,期間
788,coherent,コヒーレント
789,sustained,持続しました
790,aging,エージング
791,ambiguous,曖昧な
792,disparity,格差
793,disruption,混乱
794,radically,根本的に
795,appropriate,適切な
796,accepted,一般に認められました
797,domination,支配
798,leisure,余暇
799,complicate,複雑にします
800,systematically,体系的に
801,conversely,逆に
802,transcend,超越します
803,published,公開
804,coincide,一致します
805,educated,教育を受けました
806,advisor,顧問
807,supplement,補足
808,locally,局所的に
809,enhanced,強化されました
810,sustainability,持続可能性
811,expanding,拡大する
812,appropriately,適切に
813,exemplify,例示します
814,directive,指令
815,incomplete,不完全な
816,locus,軌跡
817,substitute,代替
818,thorough,徹底しました
819,informed,通知
820,workforce,労働人口
821,mediation,調停
822,livestock,家畜
823,expectancy,期待
824,intensify,激化します
825,focal,焦点の
826,paradox,逆説
827,qualification,資格
828,critically,決定的に
829,migrate,移動します
830,petroleum,石油
831,rigorous,厳格な
832,specification,仕様
833,preclude,排除します
834,constituency,選挙区
835,expanded,拡張しました
836,extensively,広く
837,salient,目立ちました
838,enlightenment,啓発
839,openness,開放性
840,greek,ギリシャ語
841,compound,化合物
842,inclusive,包括的な
843,effect,効果
844,pragmatic,現実的
845,complementary,補完的な
846,enhancement,強化
847,radical,ラジカル
848,marked,マークされた
849,participating,参加します
850,elimination,排除
851,thereafter,その後
852,collectively,集合的に
853,disciplinary,懲戒的な
854,displace,変位させます
855,probe,プローブ
856,broaden,広げる
857,revised,改訂されました
858,perpetuate,永続させます
859,complement,補体
860,restructuring,リストラ
861,reconstruct,再構成します
862,definitive,決定的な
863,resonance,共振
864,unstable,不安定な
865,hypothetical,仮定の
866,distort,歪めます
867,enrich,強化します
868,differentiation,分化
869,reversal,逆転
870,alleviate,軽減する
871,sociology,社会学
872,theoretically,理論的には
873,consolidate,固めます
874,unrelated,無関係
875,unified,統一されました
876,discriminate,区別する
877,denote,示します
878,mandate,委任
879,ideally,理想的に
880,tangible,有形
881,diffusion,拡散
882,timely,タイムリーな
883,municipality,自治体
884,evidence,証拠
885,projected,投影されました
886,contingency,不測の事態
887,cohesion,凝集
888,sound,音
889,fusion,融合
890,coercion,強制
891,submission,提出
892,presently,現在
893,authoritative,権威あります
894,moderate,適度な
895,reviewer,レビュー
896,myriad,無数の
897,printed,印刷
898,satisfactory,満足のいきます
899,printing,印刷
900,adult,大人
901,finite,有限の
902,periodically,定期的に
903,footnote,脚注
904,moderately,程よく
905,endowment,寄付
906,insistence,主張
907,consolidation,合併
908,incorporation,組み込み
909,engender,醸し出す
910,transitional,過渡的
911,navigation,ナビゲーション
912,allowance,手当
913,outreach,アウトリーチ
914,citation,引用
915,institute,機関
916,impede,妨げます
917,reciprocal,相互
918,designation,指定
919,transparency,透明
920,convergence,収束
921,catalyst,触媒
922,handbook,ハンドブック
923,intentional,意図的な
924,consortium,コンソーシアム
925,working,ワーキング
926,preoccupation,先入観
927,assimilate,同化します
928,perpetrator,加害者
929,delineate,描きます
930,necessitate,必要とします
931,mediator,仲介者
932,trained,訓練を受けました
933,indicative,示します
934,precursor,前駆
935,dominican,ドミニカン
936,portrayal,描写
937,deprivation,剥奪
938,overt,あからさまな
939,pertinent,該当します
940,reprint,リプリント
941,prominence,プロミネンス
942,deterioration,劣化
943,commercially,商業
944,bridge,ブリッジ
945,noteworthy,注目に値します
946,impetus,弾み
947,safeguard,守ります
948,incompatible,互換性がありません
949,tenet,信条
950,attest,証明します
951,intended,意図されました
952,analytic,分析的な
953,divergent,発散の
954,present-day,現代
955,substitution,置換
956,novelty,ノベルティ
957,coherence,コヒーレンス
958,determining,決定
959,directory,ディレクトリ
960,limiting,制限します
961,prescribed,所定
962,induction,誘導
963,concur,同意します
964,eruption,噴火
965,generating,生成
966,restricted,制限されました
967,heighten,高めます
968,insecurity,不安
969,equitable,公平な
970,termination,終了
971,anticipated,予想
972,emanate,発します
973,propensity,性向
974,construe,解釈
975,accessibility,接近性
976,ascribe,帰する
977,stringent,厳しい
978,contest,コンテスト
979,reiterate,繰り返します
980,inconsistency,矛盾
981,conflict,紛争
982,chosen,選択されました
983,contingent,偶発的な
984,neural,ニューラル
985,persuasive,説得力のあります
986,ostensibly,表向き
987,detrimental,有害な
988,undesirable,望ましくありません
989,replication,複製
990,primacy,首位
991,conducive,助けとなります
992,capitalist,資本家
993,dissemination,普及
994,feasibility,実現可能性
995,outweigh,上回ります
996,inefficient,非効率的な
997,altered,変更されました
998,infuse,吹き込みます
999,postulate,公準
1000,endow,与える
1001,coordinated,コーディネート
1002,motivated,やる気
1003,aggregate,集計
1004,espouse,支持します
1005,proxy,プロキシー
1006,observable,観察できます
1007,measurable,測定可能な
1008,inception,開始
1009,predominant,優勢な
1010,binding,バインディング
1011,admittedly,確かに
1012,pertain,関連します
1013,paramount,パラマウント
1014,collective,集合的な
1015,favorably,順調に
1016,measured,測定されました
1017,hamper,妨げます
1018,founding,創立
1019,learned,学びました
1020,disproportionate,不均衡な
1021,scientifically,科学的に
1022,eradicate,根絶します
1023,emulate,エミュレート
1024,manufacture,製造
1025,positioning,ポジショニング
1026,stated,述べました
1027,reciprocity,互恵
1028,remedy,救済策
1029,merit,値する
1030,geographically,地理的に
1031,lecturer,講師
1032,targeted,対象となります
1033,accelerated,加速されました
1034,completed,完成しました
1035,elaboration,推敲
1036,ancestry,祖先
1037,supplemental,補足
1038,locale,ロケール
1039,micro,マイクロ
1040,further,さらに
1041,impediment,障害
1042,purchasing,購買
1043,rigor,厳しさ
1044,informative,有益な
1045,compatibility,互換性
1046,incidental,偶発
1047,contrasting,対照的な
1048,intolerance,不寛容
1049,penetration,浸透
1050,spontaneously,自発的に
1051,stratum,地層
1052,usable,使用可能な
1053,resultant,結果
1054,reorganization,再編
1055,contributing,貢献
1056,compulsory,強制的な
1057,affiliate,アフィリエイト
1058,presuppose,〜することを前提とします
1059,embedded,埋め込み
1060,simulated,シミュレーションしました
1061,concomitant,付随
1062,stipulate,規定します
1063,provisional,仮
1064,negligible,ごくわずかな
1065,intermediary,中間の
1066,condition,調子
1067,adherent,付着しました
1068,unfavorable,不利な
1069,transcription,転写
1070,accrue,生じます
1071,parity,パリティ
1072,neutralize,中和します
1073,refute,反論します
1074,relocation,移転
1075,conditional,条件付きの
1076,disintegration,崩壊
1077,lag,遅れ
1078,naturalist,ナチュラリスト
1079,objectively,客観的に
1080,pervade,広がります
1081,parochial,偏狭な
1082,suggested,提案しました
1083,arid,乾燥
1084,prerogative,特権
1085,cooperative,協同組合
1086,anatomical,解剖学の
1087,staffing,スタッフの配置
1088,focused,集中
1089,misuse,悪用
1090,ordering,発注
1091,separated,分離しました
1092,expulsion,追放
1093,immersion,イマージョン
1094,intrusive,押し付けがましいです
1095,purport,旨
1096,consent,同意
1097,primer,プライマー
1098,taboo,タブー
1099,corroborate,裏付けます
1100,pathological,病的な
1101,elective,選択科目
1102,predicate,述語
1103,recognized,認識
1104,counteract,対抗します
1105,informational,情報の

